{
  "auc": 0.885328511151296,
  "pr_auc": 0.7129016861959929,
  "precision": 0.6989247311827957,
  "recall": 0.6190476190476191,
  "f1": 0.6565656565656566,
  "threshold": 0.5064642429351807,
  "n_train": 1500,
  "n_test": 500,
  "churn_rate_train": 0.21133333333333335,
  "churn_rate_test": 0.21
}