{
  "threshold": 0.7209823727607727,
  "best_iteration": 238,
  "scale_pos_weight": 6.6923076923076925,
  "splits": {
    "train": {
      "n": 1200,
      "churn_rate": 0.13,
      "auc_roc": 0.9940103399155122,
      "auc_pr": 0.9577988222078012,
      "precision": 0.8647058823529412,
      "recall": 0.9423076923076923,
      "f1": 0.901840490797546
    },
    "val": {
      "n": 400,
      "churn_rate": 0.13,
      "auc_roc": 0.9274977895667551,
      "auc_pr": 0.7874364339371918,
      "precision": 0.7272727272727273,
      "recall": 0.7692307692307693,
      "f1": 0.7476635514018691
    },
    "test": {
      "n": 400,
      "churn_rate": 0.13,
      "auc_roc": 0.9339909372236959,
      "auc_pr": 0.7716121596597878,
      "precision": 0.7037037037037037,
      "recall": 0.7307692307692307,
      "f1": 0.7169811320754716
    }
  },
  "n_features_in": 170
}